AAL,CPH
AAR,CPH
ABE,CHS,CLT,IAD,ORD,PHL,YYZ
ABJ,JNB
ABQ,BUR,BWI,DEN,IAD,LAS,LAX,LGB,OAK,ONT,ORD,PHX,SFO,SJC
ABS,ASW
ABV,CAI,FRA
ABZ,BGO,BHX,CPH,EBJ,GRQ,LHR,MAN,NWI,SVG
ACA,ANC,PHX
ACC,CAI,FRA,JNB
ACE,BCN,BIO,MAD,VLC
ACH,VIE
ACK,DCA,HYA,LGA
ACV,CEC,SFO,SMF
ADA,DUS,FRA,IST,MUC
ADB,DUS,FRA,IST,MUC,SAW
ADD,AMM,CAI,FRA,IST
ADF,IST
ADL,AKL,SIN
AER,VIE
AES,BGO,CPH,OSL,TRD
AGH,ARN
AGP,ARN,BCN,CPH,FRA,GVA,LIS,LPA,MAD,MUC,OSL,TFS,VIE,ZRH
AGS,CLT
AHO,VCE,VRN
AJI,IST
AKJ,HND,ICN,NGO
AKL,ADL,BHE,BKK,BNE,CHC,CNS,DUD,GIS,HKG,HLZ,HNL,IUE,KAT,KIX,KKE,LAX,LHR,MEL,MRO,NAN,NLK,NOU,NPE,NPL,NRT,NSN,OOL,PEK,PER,PMR,PPT,PVG,RAR,ROT,SFO,SIN,SYD,TBU,TRG,TUO,VLI,WAG,WHK,WLG,WRE,YVR,ZQN
ALA,CAI,FRA,ICN,IST,LHR
ALB,BOS,BUF,BWI,CLE,CLT,DCA,DEN,DFW,GSO,HSV,IAD,IAH,IND,LGA,MSP,ORD,PBI,PHL,RDU,TPA,YYZ
ALC,BCN,BGO,CPH,KRS,MAD,OSL,SVG,TRD
ALF,OSL
ALG,BCN,CAI,FRA,IST
ALP,CAI,IST,LHR
ALY,BEN,BEY,CAI,DMM,DOH,DXB,FRA,HRG,JED,KWI,LXR,MED,RUH,TIP
AMD,SIN
AMM,ADD,CAI,FRA,IST,LHR,VIE
AMS,ARN,ASR,BOS,BSL,CAI,CPH,DBV,ESB,FRA,HAM,IST,LAX,LHR,LIS,LJU,MUC,OPO,ORD,OSL,PHL,PUY,SIN,SPU,VIE,WAW,ZAG,ZRH
ANC,ABQ,DTW,YVR
ANU,CLT,YYZ
AOE,BRU,IST
AOI,MUC
AOK,GRZ,VIE
AOO,IAD,JST
APW,AKL,LAX
ARN,AGH,AGP,AMS,ATH,BCN,BGO,BKK,BRU,BUD,CDG,CPH,DUB,DUS,EDI,EWR,FCO,FRA,GOT,GVA,HAM,HEL,IST,KLR,KRN,LAS,LCY,LED,LHR,LIN,LIS,LJU,LLA,MAD,MAN,MLA,MMX,MUC,NCE,ORD,OSD,OSL,PEK,PMI,PRG,RIX,RNB,SDL,SFT,SPU,SVG,SVO,TKU,TMP,TOS,TRD,TXL,UME,VAA,VIE,WAW,ZAG,ZRH
ASB,GYD,IST
ASE,DEN,LAX
ASM,CAI,FRA
ASR,AMS,DUS,FRA,IST,MUC
ASW,ABS,CAI,LXR
ATH,ARN,BKK,CAI,CPH,DUS,FRA,GVA,HEL,IST,KRK,LJU,MCO,MUC,MXP,PEK,SIN,TXL,VIE,WAW,ZRH
ATL,BDL,BOS,BWI,CAK,CHS,CLT,DEN,FRA,IAD,IND,LGA,ORD,PHL,PHX,PVD,PWM,UVF,YYC,YYZ
ATW,DEN,ORD
ATZ,CAI,KWI
AUA,BOS,CLT,IAD,ORD,PHL
AUG,BHB,BOS
AUH,CAI,FRA,IST,KWI,MCT,SIN
AUS,BDL,BUR,BWI,CLT,DEN,IAD,LGB,ORD,PHX,SFO,YYZ
AVL,CLT
AVP,CLT,ILM,ORD,PHL
AXT,HND,NGO
AYT,INN,IST,SAW,SVO,VIE
AZS,YYZ
BAH,CAI,FRA,IST
BAL,IST
BAV,PEK
BCN,ACE,AGP,ALC,ALG,ARN,BIO,BJL,BSL,CAI,CPH,DUS,FRA,FUE,GRX,GVA,HEL,IBZ,IST,LCG,LIS,LJU,LPA,MAD,MAH,MIA,MUC,MXP,OPO,OSL,OVD,PMI,RIX,SCQ,SIN,STR,SVQ,TFN,TFS,VGO,VIE,VLC,WAW,XRY,ZAG,ZRH
BDA,CLT,DCA,MCO,PHL,YHZ,YYZ
BDL,ATL,AUS,BOI,BUF,CHS,CLE,CLT,CMH,DCA,DFW,GSO,IAD,IAH,ILM,JAX,MCI,MCO,MIA,MSP,MSY,ORD,PHL,PIT,RDU,RSW,SAN,SEA,SFO,YUL,YYZ
BEG,BSL,FRA,IST,MUC,VIE,WAW,ZRH
BEN,ALY,CAI,IST
BEY,ALY,CAI,FRA,IST,KRT,LHR
BFL,ABQ,COS,DEN,DSM,IAH,LAX,MEM,PHX,SFO
BGI,CLT,PHL,YYZ
BGM,CMH,IAD,PHL
BGO,ABZ,AES,ALC,ARN,CPH,EDI,FRA,HAM,HAU,KRS,KSU,LGW,MOL,OSL,SVG,TRD
BGR,DCA,LGA,PHL
BGW,IST
BHB,AUG,BOS
BHD,LHR
BHE,AKL,CHC,WLG
BHM,ABE,CLE,CLT,DAB,DEN,IAD,ORD,PHL
BHX,ABZ,CPH,DUS,FRA,IST,MCO,MUC,ZRH
BHY,PEK
BIA,DUS,HAM
BIL,BWI,DEN,ORD,PHX
BIO,ACE,BCN,DUS,FRA,LIS,LPA,MAD,MUC,OSL,STR,TFS
BIQ,HEL
BIS,DEN,ORD
BJL,BCN,MAD
BJV,IST,SAW,VIE
BKI,ICN
BKK,AKL,ARN,ATH,BLR,BNE,BOM,CAI,CAN,CCU,CDG,CEI,CGK,CKG,CMB,CNX,CPH,CTU,DAC,DEL,DME,DPS,DXB,FCO,FRA,FUK,HAN,HDY,HKG,HKT,HYD,ICN,ISB,IST,KBV,KHI,KIX,KKC,KMG,KTM,KUL,KWI,LAX,LHE,LHR,MAA,MAD,MEL,MNL,MUC,MXP,NGO,NRT,PEK,PEN,PER,PHS,PNH,PUS,PVG,RGN,SGN,SIN,SYD,TLV,TPE,UBP,URT,USM,UTH,VIE,VTE,XMN,ZRH
BKW,SHD
BLL,FRA,MUC
BLQ,CPH,FRA,LIS,MUC,VIE,ZAG
BLR,BKK,FRA,SIN
BLZ,JNB
BNA,ALB,BUF,BWI,BZE,CLT,CZM,DCA,DEN,EWR,IAD,LGA,ORD,PHL,RDU,YYZ
BNE,AKL,BKK,CHC,DUD,SIN,WLG,ZQN
BOG,YYZ
BOI,ACA,BOS,DEN,DFW,LAX,MZT,ORD,PHX,SFO
BOM,BKK,CAI,FRA,IST,JNB,KUL,MUC,NRT,SIN,ZRH
BOO,OSL,TOS,TRD
BOS,ABQ,ALB,AMS,ATL,AUA,AUG,BDA,BHB,BIL,BRU,BUF,BWI,CLT,CUN,DCA,DEN,DFW,FRA,GCM,GIG,IAD,IND,LAS,LAX,LGA,MBJ,MCO,MDT,MEX,MIA,MSP,MUC,MXP,MYR,NAS,ORD,ORF,PDX,PEK,PHL,PHX,PIT,PLS,PQI,PUJ,RDU,RIC,ROC,SEA,SFO,SJU,STT,SXM,SYR,TPA,YHZ,YOW,YUL,YYZ,ZRH
BPX,CTU,LXA
BRE,FRA,MUC,STR
BRI,FCO,MXP
BRN,MUC
BRU,AOE,ARN,BOS,BSL,CAI,CPH,DEN,EDI,EMA,ESB,FRA,HAJ,HAM,IST,LBA,LHR,LIS,LJU,LXR,MUC,MXP,NUE,OPO,ORD,OSL,SPU,STR,TXL,VIE,WAW,ZAG,ZRH
BSB,LIS
BSL,AMS,BCN,BEG,BRU,BUD,DUS,FRA,IST,LCY,MAN,MUC,PRG,VIE,WAW,ZRH
BTV,DCA,IAD,IAH,LGA,MSY,ORD,PHL,PIT
BUD,ARN,BSL,CAI,DUS,FRA,GVA,IST,LIS,MUC,MXP,VIE,WAW,ZRH
BUF,ALB,ATL,AUA,BDL,BOS,CLT,CMH,DCA,DFW,GCM,HSV,IAD,LGA,MBJ,MEX,MSY,ORD,PHL,PLS,PUJ,SDF,SJU,SXM,TPA
BUR,AUS,DEN,ELP,IAH,PHX,SFO
BUS,IST
BWI,ATL,AUA,BNA,BOI,BOS,BUF,CLT,CUN,DEN,DFW,GSO,ILM,IND,LAS,LAX,LGA,MSY,MYR,ORD,PBI,PHL,PHX,PNS,RSW,SFO,SMF,SNA,TPA,YYZ
BWK,ZAG
BWN,SIN
BZE,CLT
BZN,DEN,ORD,SFO
CAE,CLT,DCA,IAD,MCI,ORD,PHL,RDU,TLH
CAG,MUC,OSL
CAI,ABS,ABV,ACC,ADD,ALA,ALG,ALP,ALY,AMM,AMS,ASM,ASW,ATH,ATZ,AUH,BAH,BCN,BEN,BEY,BKK,BRU,BUD,CDG,CMN,CTA,DAM,DAR,DME,DMM,DOH,DUS,DXB,EBB,FCO,FRA,GVA,HRG,IST,JED,JFK,JNB,KAN,KIX,KRT,KUL,KWI,LCA,LHR,LIS,LOS,LXR,MAD,MCT,MED,MLA,MUC,MUH,MXP,NBO,NRT,PEK,RMF,RUH,SAH,SHJ,SSH,SXF,TIP,TUN,VIE,YUL,ZRH
CAK,CHS,CLT,DCA,ORD,PHL
CAN,BKK,CKG,CTU,DAX,DYG,FRA,HET,HGH,ICN,KWE,KWL,LZO,NKG,NRT,PEK,PUS,SHA,SIN,SYX,TSN,WNZ,WXN,XMN,YBP,YCU
CCC,YHZ,YUL,YYZ
CCS,FNC,FRA,LIS,OPO,YYZ
CCU,BKK,FRA,SIN
CDG,ARN,ATH,BKK,CAI,CGN,CLT,CPH,DBV,DUS,FRA,HAJ,HAM,HEL,ICN,IST,KRK,LAX,LIS,LJU,LXR,MUC,MXP,NRT,NUE,OPO,ORD,OSL,PEK,PUY,SFO,SIN,SPU,STR,TXL,VIE,WAW,YUL,YYZ,ZAG,ZRH
CEB,ICN
CEC,ACV,SFO
CEI,BKK
CFU,GRZ,SZG,VIE
CGK,BKK,FRA,PEK,SIN
CGN,CDG,EMA,ESB,HAM,IST,LHR,MUC,TXL,VIE
CGO,CTU,INC,PEK,SHA
CGQ,CTU,ICN,PEK,PVG
CHA,CLT,DCA
CHC,AKL,BHE,BNE,DUD,HKK,HLZ,IVC,MEL,NAN,NPE,NPL,NSN,OAM,OOL,PMR,RAR,ROT,SIN,SYD,TRG,WKA,WLG,ZQN
CHO,CLT,IAD,LGA,PHL
CHQ,GRZ,VIE
CHS,ALB,AUS,BDL,BTV,BUF,BWI,CAK,CLT,DAY,DCA,IAD,ILM,LGA,MSP,ORD,PHL,PIT,PWM,RDU,RIC,SRQ
CIC,SFO
CID,DEN,ORD
CIF,HET
CIH,CTU
CJJ,CJU,PEK
CJU,CJJ,FUK,GMP,ICN,KWJ,TAE
CKB,IAD,MGW
CKG,BKK,CAN,CSX,HFE,HGH,HKG,JZH,KMG,NGO,NKG,PEK,PVG,SYX,SZX,TPE,TSN,URC
CKZ,IST
CLD,LAX
CLE,ALB,ATL,BHM,CHS,CLT,DEN,IAD,MYR,ORD,PHL,PNS,SAV,YYZ
CLJ,MUC
CLT,ABE,AGS,ALB,ANU,ATL,AUA,AUS,AVL,AVP,BDA,BDL,BGI,BHM,BNA,BOS,BUF,BWI,BZE,CAE,CAK,CDG,CHA,CHO,CHS,CLE,CMH,CRW,CUN,CVG,CZM,DAB,DAY,DCA,DEN,DFW,DTW,DUB,EWN,EWR,EYW,FAY,FLL,FLO,FPO,FRA,GCM,GNV,GPT,GSO,GSP,HHH,HPN,HSV,HTS,IAD,IAH,ILM,IND,JAN,JAX,JFK,LAS,LAX,LEX,LGA,LGW,LIR,LIT,LYH,MBJ,MCI,MCO,MDT,MEM,MEX,MGM,MHT,MIA,MKE,MOB,MSP,MSY,MUC,MYR,NAS,OAJ,ORD,ORF,PBI,PDX,PGV,PHF,PHL,PHX,PIT,PLS,PNS,PUJ,PVD,PWM,RDU,RIC,ROA,ROC,RSW,SAN,SAT,SAV,SBY,SDF,SEA,SFO,SJO,SJU,SKB,SMF,SRQ,STL,STT,STX,SXM,SYR,TLH,TPA,TRI,TYS,UVF,VPS,XNA,YUL,YYZ
CMB,BKK,SIN
CMH,ANC,ATL,BOI,BOS,CLT,DCA,DEN,HPN,IAD,ILM,JAX,LAS,LGA,MEX,MHT,ORD,PHL,PHX,SAN,SAT,YYZ
CMN,CAI,FRA,IST,LIS
CNF,LIS
CNS,AKL
CNX,BKK,HGN,HKT
COD,DEN
COS,BFL,DEN,FAT,LAX,LGB,ORD,PHX,PSP,SBA,SFO
CPH,AAL,AAR,ABZ,AES,AGP,ALC,AMS,ARN,ATH,BCN,BGO,BHX,BKK,BLQ,BRU,CDG,DUB,DUS,EDI,EWR,FCO,FRA,GDN,GLA,GOT,GVA,HAJ,HAM,HEL,IAD,IST,KBP,KRS,LCY,LED,LHR,LIN,LIS,LJU,LUX,MAD,MAN,MUC,MXP,NCE,NRT,NUE,ORD,OSL,OTP,PEK,PLQ,PMI,POZ,PRN,RIX,SEA,SIN,STR,SVG,SVO,TKU,TRD,TRF,TXL,VCE,VIE,VNO,WAW,ZAG,ZRH
CPR,DEN
CPT,DUR,IST,JNB,LHR,SIN
CRK,ICN
CRW,CLT,DCA,IAD,ORD
CSX,CKG,CTU,HGH,ICN,NNG,PEK,PVG,WNZ,XMN
CTA,CAI,LXR,MUC,SSH,VIE,ZRH
CTS,FKS,FSZ,FUK,HIJ,HND,ITM,KIJ,KIX,KMQ,NGO,NRT,OKJ,PEK,RIS,SDJ,TOY,UKB,WKJ
CTU,BKK,BPX,CAN,CGO,CGQ,CIH,CSX,DAX,DLC,DYG,FOC,HAK,HET,HFE,HGH,HKG,HRB,ICN,INC,JHG,JZH,KHI,KHN,KMG,KTM,KWE,KWL,LHW,LJG,LXA,LZY,NKG,NNG,PEK,PVG,PZI,SHA,SHE,SIN,SYX,SZX,TAO,TSN,TYN,URC,WNZ,WUH,WUX,XIC,XIY,XMN,XNN,YCU
CUN,BOS,CLT,DEN,IAD,LAS,LAX,ORD,PHL,PHX,SFO,YHZ,YUL,YVR,YYC,YYZ
CVG,CLT,DEN,IAD,ORD,PHL,RDU
CWA,ORD
CZM,CLT,YYZ
CZX,PEK
DAB,CLT,ROA
DAC,BKK,SIN
DAM,CAI,IST,LHR,VIE
DAR,CAI,JNB,ZRH
DAT,PEK
DAX,CAN,CTU,PEK
DAY,BHM,CLT,DCA,IAD,LGA,ORD,PHL,YYZ
DBV,AMS,CDG,DUS,FCO,FRA,HEL,LGW,MUC,SPU,TLV,VIE,ZAG,ZRH
DCA,ACK,ALB,ATL,BDA,BDL,BGI,BGR,BNA,BOI,BOS,BTV,BUF,CAE,CAK,CHA,CHS,CLT,CMH,CRW,CZM,DAY,DEN,DFW,DTW,FLL,GSO,GSP,HHH,HPN,HSV,IND,JAX,LAS,LGA,MCI,MCO,MHT,MSP,MSY,MVY,MYR,NAS,ORD,ORF,PBI,PDX,PHL,PHX,PIT,PVD,PWM,RDU,ROC,RSW,SAV,SDF,SRQ,SYR,TPA,TYS,YOW,YUL,YYZ
DDG,PEK
DEL,BKK,FRA,ICN,IST,MUC,PEK,SIN,VIE,ZRH
DEN,ABQ,AMS,ASE,ATL,ATW,AUS,BFL,BHM,BIL,BIS,BNA,BOI,BOS,BUR,BWI,BZN,CID,CLE,CLT,CMH,COD,COS,CPR,CUN,CVG,DCA,DFW,DRO,DSM,DTW,ELP,EUG,EWR,FAR,FAT,FCA,FRA,FSD,GCC,GEG,GJT,GRR,GTF,GUC,HDN,HLN,HNL,HSV,IAD,IAH,ICT,IDA,IND,JAC,KOA,LAS,LAX,LGA,LHR,LIH,LIT,LNK,MCI,MCO,MEM,MFR,MIA,MKE,MLI,MRY,MSN,MSO,MSP,MSY,MTJ,MUC,OAK,OGG,OKC,OMA,ONT,ORD,PDX,PHL,PHX,PIA,PIT,PSC,PSP,PVR,RAP,RDM,RKS,RNO,SAN,SAT,SBA,SEA,SFO,SGF,SJC,SJD,SLC,SMF,SNA,STL,TPA,TUL,TUS,TVC,TYS,XNA,YEG,YOW,YQR,YUL,YVR,YWG,YXE,YYC,YYZ
DFW,ALB,BDL,BOS,BWI,CLT,DCA,DEN,EWR,FLL,FRA,IAD,JAX,LAS,LAX,LGA,MAD,MHT,OAK,OGG,ORD,PDX,PHL,PHX,PIT,ROC,RSW,SFO,SNA,TPA,YYZ
DIY,IST
DJE,ZRH
DKR,GRU,IAD,IST,JFK,JNB,LIS
DLA,JNB,ZRH
DLC,CTU,FUK,HIJ,HKG,ICN,KIX,NRT,PEK,PVG,SDJ
DLM,IST,SAW,VIE
DME,BKK,CAI,DUS,DXB,FRA,GVA,HAM,IAD,IAH,LHR,LIS,MUC,SIN,TXL,VIE,ZRH
DMM,ALY,CAI,FRA,LHR
DNH,PEK
DNK,IST,VIE
DNZ,IST
DOH,ALY,CAI,FRA,IST
DOK,IST,MUC,VIE
DPS,BKK,SIN
DRO,DEN,PHX
DRS,DUS,FRA,HAM,MUC,VIE,ZRH
DSM,BFL,BIL,DEN,MRY,ORD,PHX,PSP,SBA
DSN,PEK
DTW,ACA,ATL,AUA,AUS,BDA,CHS,CLT,CZM,DCA,DEN,FLL,FPO,FRA,GCM,IAD,LAS,MBJ,ONT,ORD,PHL,PHX,PLS,PUJ,ROC,SAT,SJC,SJD,SKB,SLC,YYZ
DUB,ARN,CLT,CPH,FRA,IST,LHR,LJU,OSL,VIE,YYZ,ZRH
DUD,AKL,BNE,CHC,PMR,WLG
DUR,CPT,JNB
DUS,ADA,ADB,ARN,ASR,ATH,BCN,BHX,BIA,BIO,BSL,BUD,CAI,CDG,CPH,DBV,DME,DRS,ESB,EWR,FCO,FRA,GOT,GRZ,GVA,GWT,HAM,INV,IST,JER,KBP,KEF,KTW,LCY,LED,LEJ,LHR,LNZ,LYS,MAD,MAN,MIA,MRS,MUC,MXP,NCE,NCL,NQY,NUE,OLB,ORD,OSL,OTP,PMI,PRG,SKG,SOB,SOF,SPU,STR,SZF,SZG,TLS,TRN,TXL,TZX,VCE,VIE,VLC,WAW,WRO,YYZ,ZRH
DXB,ALY,BKK,CAI,DME,FRA,IST,MCT,MUC,ORD,PEK,SIN,VIE,ZRH
DYG,CAN,CTU,PEK,PVG
DYU,IST
EBB,CAI,JNB
EBJ,ABZ
EBL,VIE
ECN,IST
EDI,ARN,BGO,BRU,CPH,FRA,LBA,LHR,MAN,ZRH
EFL,VIE
ELM,PHL
ELP,BFL,DEN,FAT,LGB,OAK,ONT,PHX,PSP,RNO,SBA
ELS,JNB
EMA,BRU,CGN
ENY,PVG
ERC,IST
ERF,MUC
ERI,PHL
ERZ,IST
ESB,AMS,BRU,CGN,DUS,FRA,IKA,IST,MUC,SAW,STR,VIE
EUG,DEN,PDX,SFO
EVE,OSL
EVN,LHR,VIE
EWN,CHS,CLT,TLH
EWR,ARN,ATL,AUS,BHM,BOI,CLT,CPH,DEN,DSM,DUS,FRA,IAD,IAH,KRK,LIS,MCO,MSY,MUC,NAS,OPO,ORD,PHL,PHX,RDU,RZE,SAV,SFO,SIN,WAW,YUL,YVR,YYC,YYZ,ZRH
EYW,CLT
EZE,FRA,JNB,LGA,SCL
EZS,IST
FAO,FRA,LIS,VIE,ZRH
FAR,DEN,ORD
FAT,ABQ,AUS,DEN,DSM,GDL,ICT,LAS,LAX,PHX,SFO
FAY,AUS,CHS,CLT,SAV,TLH
FCA,DEN,ORD
FCO,ARN,BKK,BRI,CAI,CLT,CPH,DBV,DUS,FRA,GOA,HEL,IST,LAX,LIS,LXR,MUC,MXP,OPO,OSL,PEK,SIN,SPU,SSH,TRN,VIE,WAW,YUL,YYZ,ZRH
FDF,YUL
FDH,FRA
FIH,JNB
FKS,CTS,ICN,ITM
FLG,PHX
FLL,ALB,BOS,BUF,BWI,CLT,DCA,DEN,DFW,LAS,LAX,MXP,OSL,PHL,PHX,PVD,RDU,SAN,YUL,YYZ
FLO,CLT
FLR,FRA,MUC,VIE,ZRH
FMO,FRA,MUC,STR
FNA,LHR
FNC,CCS,LGW,LIS,MAD,OPO,VIE
FNJ,PEK
FOC,CTU,NKG,PEK,SHA
FOR,LIS
FPO,CLT,LGA,PHL
FRA,ABV,ACC,ADA,ADB,ADD,AGP,ALA,ALG,ALY,AMM,AMS,ARN,ASB,ASM,ASR,ATH,ATL,AUH,BAH,BCN,BEG,BEY,BGO,BHX,BIO,BKK,BLL,BLQ,BLR,BOM,BOS,BRE,BRU,BSL,BUD,CAI,CAN,CCS,CCU,CDG,CGK,CLT,CMN,CPH,DBV,DEL,DEN,DFW,DME,DMM,DOH,DRS,DTW,DUB,DUS,DXB,EDI,ESB,EWR,EZE,FAO,FCO,FDH,FLR,FMO,GDN,GOJ,GOT,GRU,GRZ,GVA,HAJ,HAM,HBE,HEL,HKG,HOQ,HYD,IAD,IAH,ICN,IKA,INN,IST,JED,JFK,JNB,KBP,KIX,KRK,KTW,KUF,KWI,KZN,LAD,LAX,LCA,LCY,LED,LEJ,LHR,LIN,LIS,LJU,LNZ,LYS,MAA,MAD,MAN,MCO,MCT,MEX,MIA,MLA,MRS,MUC,MXP,NCE,NGO,NKG,NRT,NUE,OPO,ORD,OSL,OTP,PAD,PDX,PEK,PHL,PHX,PMI,PNQ,POZ,PRG,PVG,RIX,ROV,RZE,SAN,SEA,SFO,SGN,SIN,SKG,SOF,SPU,STR,SVG,SVX,SZG,TIP,TLL,TLS,TLV,TRN,TUN,TXL,VCE,VIE,VLC,VNO,VRN,WAW,WRO,YOW,YUL,YVR,YYC,YYZ,ZAG,ZRH
FRU,IST,LHR
FSD,DEN,ORD,YYC
FSZ,CTS,ICN,OKA
FUE,BCN,MAD,VIE
FUJ,FUK
FUK,BKK,CJU,CTS,FUJ,HND,ICN,ISG,ITM,KIJ,KIX,KMQ,NGO,NRT,OKA,PEK,PUS,PVG,SDJ,SIN,TSJ
FWA,ORD
GBE,JNB
GCC,DEN
GCM,BOS,BWI,CLT,PHL,YYZ
GDL,MCI,ONT,PHX,SFO
GDN,CPH,FRA,MUC,OSL,WAW
GEG,DEN,DFW,EWR,IAH,MZT,ORD,PHX,SEA,SFO
GIG,BOS,LIS,OPO
GIS,AKL,WLG
GJT,DEN,PHX
GLA,CPH,LBA,LHR,MAN,PHL
GMP,CJU,HIN,HND,KIX,KPO,KWJ,MWX,RSU,SHA,USN
GNV,CLT
GNY,IST
GOA,FCO,MUC
GOJ,FRA
GOT,ARN,CPH,DUS,FRA,HAM,HEL,LHR,MUC,OSL,RIX,SPU,VIE,ZAG
GPA,VIE
GPT,CLT
GRB,ORD
GRQ,ABZ
GRR,DEN,ORD,SAN,YYZ
GRU,BOS,DKR,FRA,JNB,LIS,MUC,OPO,ORD,PEK,YYZ,ZRH
GRX,BCN
GRZ,AOK,CFU,CHQ,DUS,FRA,MUC,STR,VIE,ZTH
GSO,BDL,CLT,DCA,FAY,IAD,JAN,JAX,JFK,LGA,MYR,ORD,ORF,PHL,YUL
GSP,CAK,CLT,DCA,IAD,ORD,PHL,RIC
GTF,DEN
GUC,DEN
GVA,AGP,ARN,ATH,BCN,BUD,CAI,CPH,DME,DUS,FRA,HAM,HRG,IST,JFK,LCY,LIS,MUC,OPO,OTP,PMI,PRG,SFO,SSH,VIE,WAW,YUL,ZRH,ZTH
GWT,DUS,MUC,STR
GYD,ASB,FRA,IST,LHR,VIE
GYM,PHX
GYS,PEK
GZT,IST
HAC,HND,OIM
HAJ,BRU,CDG,CPH,FRA,IST,LHR,MUC,STR,VIE,ZRH
HAK,CTU,PEK,PVG
HAM,AMS,ARN,BGO,BIA,BRU,CDG,CGN,CPH,DME,DRS,DUS,FRA,GOT,GVA,IST,KEF,LHR,LIS,LUX,MAD,MAN,MHG,MUC,MXP,NCE,NUE,OSL,PMI,SCN,SOB,STR,VIE,WAW,ZRH
HAN,BKK,ICN,PVG,SIN
HAU,BGO,OSL
HAV,YYZ
HDN,DEN
HDY,BKK
HEL,ARN,ATH,BCN,BIQ,CDG,CPH,DBV,FCO,FRA,GOT,IST,KUO,LHR,LIS,MUC,MXP,NCE,OSL,OUL,SPU,VAA,VIE,WAW,ZRH
HER,MXP,VIE,ZRH
HET,CAN,CIF,CTU,HGH,HLD,PEK,SHA
HFE,CKG,CTU,ICN,PEK
HGH,CAN,CKG,CSX,CTU,HET,ICN,KIX,KMG,KWE,NRT,PEK,PUS,SYX,SZX,TPE,URC,XIY
HGN,CNX
HHH,CLT,DCA,PHL
HIJ,CTS,HND,ICN,NRT,OKA,PEK,SDJ
HIN,GMP
HKD,HND,KIX,NGO,OKD
HKG,AKL,BKK,CKG,CTU,DLC,FRA,HND,IAH,ICN,IST,JNB,KIX,LHR,MUC,NRT,ORD,PEK,PVG,SFO,SGN,SIN,TPE,TSN,YVR,YYZ,ZRH
HKK,CHC
HKT,BKK,ICN
HLD,HET,HTA,PEK
HLN,DEN
HLZ,AKL,CHC,PMR,WLG
HMO,PHX
HND,AKJ,AXT,CTS,FUK,GMP,HAC,HIJ,HKD,HKG,HSG,ICN,ITM,IWJ,KCZ,KIX,KKJ,KMI,KMJ,KMQ,KOJ,KUH,MBE,MMB,MYE,MYJ,NGS,NTQ,OIM,OIT,OKA,OKJ,ONJ,SHA,SHB,SYO,TAK,TOY,TTJ,UBJ,UKB,WKJ,YGJ
HNL,AKL,CLT,DEN,LAS,LAX,NRT,PHL,PHX,SFO,YVR
HOG,YHZ,YUL,YYZ
HOQ,FRA
HOR,LIS
HPN,CAK,CLT,DCA,IAD,ORD,PHL,PIT,YYZ
HRB,CTU,ICN,PEK,PVG,SHP
HRE,JNB
HRG,ALY,CAI,GVA,SSH,VIE,ZRH
HRK,VIE
HSG,HND,ITM
HSV,CHS,CLT,DCA,DEN,IAD,PIT,SYR
HTA,HLD
HTN,URC
HTS,CLT
HTY,IST
HVN,PHL
HYA,ACK,LGA,MVY
HYD,BKK,FRA,SIN
HYN,PEK
IAD,ABE,ABQ,ALB,AMS,AOO,ATL,AUA,AUS,BDL,BGM,BHM,BKW,BNA,BOS,BRU,BTV,BUF,CAE,CDG,CHO,CHS,CKB,CLE,CLT,CMH,CPH,CRW,CUN,CVG,DAY,DEN,DFW,DKR,DME,DTW,DXB,EWR,EZE,FCO,FRA,GIG,GSO,GSP,GVA,HNL,HPN,HSV,IAH,IND,JAX,JFK,KWI,LAS,LAX,LGA,LHR,MCI,MCO,MDT,MEX,MHT,MIA,MSY,MUC,MYR,NRT,OGG,OKC,ORD,ORF,PDX,PEK,PHL,PHX,PIT,PKB,PVD,PWM,RDU,RIC,ROA,ROC,SAN,SAT,SAV,SCE,SEA,SFO,SHD,SIN,SJU,SMF,STL,SXM,SYR,TPA,TYS,VIE,YHZ,YOW,YUL,YYZ,ZRH
IAH,ALB,BDL,BOI,BOS,BWI,CLT,DEN,DME,FRA,IAD,ILM,JAX,KWI,MSP,OAK,ONT,ORD,ORF,PHL,PHX,SEA,SGN,SJC,SNA,YYC,YYZ
IAS,VIE
IBZ,BCN,MAD
ICN,AKJ,ALA,BKI,BKK,BOS,CAN,CDG,CEB,CGQ,CJU,CRK,CSX,CTU,DEL,DLC,FKS,FRA,FSZ,FUK,HAN,HGH,HIJ,HKG,HKT,HND,HRB,IST,JFK,KHN,KHV,KIX,KMI,KMJ,KWL,LAX,LHR,MNL,MUC,MYJ,NGO,NKG,NRT,OKA,ORD,PEK,PNH,PUS,PVG,REP,ROR,SDJ,SEA,SFO,SGN,SHE,SIN,SPN,SYD,SZX,TAE,TAK,TAO,TAS,TOY,TPE,TSN,UUS,WEH,XIY,YGJ,YNJ,YNT,YYZ
ICT,BFL,DEN,MRY,ORD,PHX,PSP,SAN
IDA,DEN
IKA,ESB,FRA,IST,LHR,VIE
ILM,ABE,AUS,BDL,BWI,CHS,CLT,IAH,LGA,PHL,PWM,YYZ
INC,CTU,HGH,PEK,PVG,SHA
IND,ALB,ATL,BDL,BGR,BOS,BTV,BUF,CHS,CLT,DCA,DEN,IAD,JAX,LAS,LGA,MHT,ORD,PHL,PHX,RIC,SRQ,SYR,YYZ
INN,AYT,FRA,VIE
INV,DUS
IPL,LAX
IPT,PHL
ISB,BKK
ISG,FUK,OKA
ISP,PHL
IST,ADA,ADB,ADD,ADF,AJI,ALA,ALG,ALP,AMM,AMS,AOE,ARN,ASB,ASR,ATH,AUH,AYT,BAH,BAL,BCN,BEG,BEN,BEY,BGW,BHX,BJV,BKK,BOM,BRU,BSL,BUD,BUS,CAI,CDG,CGN,CKZ,CMN,CPH,CPT,DAM,DEL,DIY,DKR,DLM,DNK,DNZ,DOH,DOK,DUB,DUS,DXB,DYU,ECN,ERC,ERZ,ESB,EZS,FCO,FRA,FRU,GNY,GVA,GYD,GZT,HAJ,HAM,HEL,HKG,HTY,ICN,IKA,JED,JFK,KBP,KCM,KHI,KIV,KIX,KRT,KSY,KWI,KYA,KZN,LED,LHR,LIS,LJU,LOS,LYS,MAD,MAN,MCT,MED,MHD,MLX,MQM,MSR,MUC,MXP,MZH,NAV,NBO,NCE,NRT,NUE,ODS,ORD,OSL,OTP,PEK,PRG,PRN,RIX,ROV,RUH,SAH,SIC,SIN,SIP,SJJ,SKP,SOF,STN,STR,SVO,SVX,SZF,TAS,TBS,TBZ,TIA,TIP,TLV,TSE,TUN,TXL,TZX,UFA,USQ,VAN,VAS,VCE,VIE,WAW,ZAG,ZRH
ITH,LGA,PHL
ITM,CTS,FKS,FUK,HND,HSG,IWJ,KCZ,KIJ,KMI,KMJ,KOJ,MYJ,NGS,NRT,OIT,OKA,ONJ,SDJ
IUE,AKL
IVC,CHC,WLG
IWJ,HND,ITM
IYK,LAX
JAC,DEN,ORD
JAN,CLT,GSO
JAX,ALB,BDL,BOS,BWI,CLT,CMH,DCA,DEN,DFW,IAD,IND,LAS,LIS,MSP,ORD,ORF,PHL,PHX,PIT,RIC
JDZ,PEK
JED,ALY,CAI,FRA,IST,LHR,SIN,SSH,VIE,ZRH
JER,DUS
JFK,ACA,BKK,CAI,CLT,FRA,GVA,IAD,ICN,IST,JNB,KOA,LAS,LAX,MEX,MUC,NRT,OGG,PEK,PHX,RZE,SFO,VIE,WAW,ZRH
JGN,PEK,PVG
JGS,PEK,PVG,SHA,SZX
JHG,CTU,KMG
JIU,PEK,SHA
JJN,PEK
JMK,VIE
JMU,PEK
JNB,ABJ,ACC,BLZ,BOM,CAI,CPT,DAR,DKR,DLA,DUR,EBB,ELS,EZE,FIH,FRA,GBE,GRU,HKG,HRE,IST,LAD,LHR,LIS,LLW,LOS,LUN,LVI,MPM,MRU,MUC,NBO,PER,PLZ,SIN,SYD,VFA,WDH,ZRH
JNG,SHA
JNZ,PVG
JSI,VIE
JST,AOO,IAD
JTR,LNZ,VIE
JZH,CKG,CTU
KAN,CAI
KAT,AKL
KBP,CPH,DUS,FRA,IST,LHR,LJU,MUC,VIE,WAW
KBV,BKK
KCM,IST
KCZ,HND,ITM,KIX
KEF,DUS,HAM,OSL
KGS,VIE
KHI,BKK,IST,MCT,PEK,SIN
KHN,CTU,ICN,PEK,PVG,SHA
KHV,ICN
KIJ,CTS,FUK,ITM,NGO,OKA
KIN,YYZ
KIV,IST,VIE
KIX,AKL,BKK,CAI,CTS,CTU,FRA,FUK,GMP,HGH,HKD,HKG,HND,ICN,IST,KCZ,KOJ,MMB,MNL,MYJ,OKA,ORD,PEK,PUS,PVG,SIN,SPN,TAO,WKJ,XMN
KKC,BKK
KKE,AKL
KKJ,HND
KKN,OSL
KLR,ARN,RNB
KLU,MUC,VIE
KMG,BKK,CKG,CTU,HGH,JHG,KWE,LJG,LUM,PEK,PVG,RGN,SHA,SZX,WNZ,XMN
KMI,HND,ICN,ITM,NGO,OKA
KMJ,HND,ICN,ITM,NGO,OKA
KMQ,CTS,FUK,HND,NRT,SDJ
KOA,BOS,DEN,LAX,ORD,PHX
KOJ,HND,ITM,KIX,NGO,OKA
KPO,GMP
KRK,ATH,CDG,EWR,FRA,MUC,ORD,TLV,VIE,WAW
KRN,ARN,LLA
KRR,VIE
KRS,ALC,BGO,CPH,KSU,OSL,SVG
KRT,BEY,CAI,FRA,IST
KSC,VIE
KSU,BGO,KRS,OSL
KSY,IST
KTM,BKK,CTU
KTW,DUS,FRA,MUC,TRN,WAW
KUF,FRA
KUH,HND,OKD
KUL,BKK,CAI,PEK,SIN
KUO,HEL
KVA,VIE
KWE,CAN,CTU,FOC,HGH,KMG,PEK,PVG,SHA,SZX
KWI,ALY,ATZ,AUH,BKK,CAI,FRA,IAH,IST,LXR
KWJ,CJU,GMP
KWL,CAN,CTU,ICN,PEK,PVG,SHA,XIY
KYA,IST
KZN,FRA,IST
LAD,FRA,JNB,LIS
LAN,ORD
LAS,BOS,BWI,CLT,DCA,DEN,DFW,DTW,ELP,FAT,FLL,HNL,IAD,IAH,JFK,LAX,LGW,MCO,MSP,OGG,ORD,PDX,PHL,PHX,PIT,PSP,PVD,SAN,SBA,SEA,SFO,SJC,SMF,SNA,YEG,YUL,YVR,YYC,YYZ
LAX,ABQ,AKL,AMS,ASE,BFL,BKK,BOI,BOS,BWI,CDG,CLD,CLT,COS,CUN,DEN,DFW,EWR,FAT,FCO,FRA,HNL,IAD,ICN,IND,IPL,IYK,JAX,JFK,KOA,LAS,LGW,LHR,LIH,MCO,MEL,MEX,MKE,MRY,MSP,MSY,MUC,NRT,OGG,OKC,ORD,OXR,PDX,PEK,PHL,PHX,PIT,PSP,PVR,RNO,SAN,SAT,SBA,SBP,SEA,SFO,SGU,SIN,SJC,SJD,SLC,SMF,SMX,TPA,TUL,TUS,YEG,YUL,YUM,YVR,YYC,YYZ,ZIH,ZRH
LBA,BRU,EDI,GLA
LBV,ABJ,JNB
LCA,CAI,FRA,MUC,VIE,WAW,ZRH
LCG,BCN,LIS,MAD
LCY,ARN,BSL,CPH,DUS,FRA,GVA,MUC,ZRH
LED,ARN,CPH,DUS,FRA,IST,MUC,VIE,WAW,ZRH
LEI,MAD
LEJ,DUS,FRA,MUC,VIE
LEX,CLT,ORD
LGA,ACK,ALB,BGR,BOI,BOS,BTV,BUF,BWI,CHO,CHS,CLT,CMH,CUN,DAY,DCA,DEN,EZE,FLL,FPO,GSO,HYA,IAD,IAH,ILM,IND,ITH,JAX,LAS,LAX,MBJ,MCO,MHT,MSP,MSY,MVY,MYR,ORD,ORF,PHL,PHX,PIT,PLS,PUJ,PVD,PWM,RDU,RIC,ROA,ROC,SAV,SDF,SFO,SYR,TPA,YHZ,YOW,YUL,YYC,YYZ
LGB,MZT,OMA,PHX,TUS
LGW,BGO,CLT,DBV,FNC,LIS,LJU,OPO,ORD,PUY,SPU,ZAG
LHE,BKK,SIN
LHR,ABZ,ADD,AKL,ALA,ALP,AMM,AMS,ARN,BEY,BHD,BKK,BRU,CAI,CGN,CPH,CPT,DAM,DEN,DME,DMM,DUB,DUS,EDI,FNA,FRA,GLA,GOT,GYD,HAJ,HAM,HEL,HNL,IAD,ICN,IKA,IST,JED,JNB,KBP,LAX,LIS,LXR,MAN,MUC,MXP,NRT,OPO,ORD,OSL,PEK,PMI,RDU,RJK,SIN,SPU,STR,SVG,TBS,TLV,TXL,VCE,VIE,WAW,YEG,YHZ,YOW,YUL,YVR,YYC,YYZ,ZAG,ZRH
LHW,CTU,JGN,PEK,PVG
LIH,DEN,IAD,LAX,PHX,SFO
LIM,YYZ
LIN,ARN,CPH,FRA,LIS,NAP,VIE
LIR,CLT
LIS,AGP,AMS,ARN,BCN,BIO,BLQ,BRU,BSB,BUD,CAI,CCS,CDG,CMN,CNF,CPH,DKR,DME,EWR,FAO,FCO,FNC,FOR,FRA,GIG,GRU,GVA,HAM,HEL,HOR,IST,JAX,JNB,LAD,LCG,LGW,LHR,LIN,LUX,LYS,MAD,MPM,MRS,MUC,MXP,NAT,NCE,OPO,ORY,OSL,OXB,PDL,PIX,PNA,PRG,PXO,RAI,REC,SID,SSA,SVQ,TER,TLS,TMS,VCE,WAW,ZAG,ZRH
LIT,CLT,CVG,DEN
LJG,CKG,CTU,KMG
LJU,AMS,ARN,ATH,BCN,BRU,CDG,CPH,DUB,FRA,IST,KBP,LGW,MAD,MAN,MUC,OHD,OTP,PRN,SJJ,SKP,SVO,TGD,TIA,TLV,VIE,WAW,ZRH
LLA,ARN,KRN
LLW,JNB
LMT,PDX,SFO
LNK,DEN,ORD
LNZ,AOK,CHQ,DUS,FRA,GRZ,JTR,MUC,SZG,VIE,ZTH
LOS,CAI,FRA,IST,JNB
LPA,AGP,BCN,BIO,MAD,OSL,VIE,ZRH
LUG,ZRH
LUM,CTU
LUN,JNB
LUX,CPH,HAM,LIS,TXL,VIE,ZRH
LVI,JNB
LWO,MUC,VIE,WAW
LXA,BPX,CTU,KTM,PEK
LXR,ALY,ASW,BRU,CAI,CDG,KWI,LHR,SSH,VIE,ZRH
LYH,CLT
LYI,SHA
LYR,OSL,TOS
LYS,DUS,FRA,IST,LIS,MAN,MUC,SPU,VIE,ZRH
LZH,PEK
LZO,CAN
LZY,CTU
MAA,BKK,FRA,SIN
MAD,ACE,AGP,ALC,ARN,BCN,BIO,BJL,BKK,CAI,CPH,DFW,DUS,FNC,FRA,FUE,GRU,HAM,IBZ,IST,LCG,LEI,LIS,LJU,LPA,MAH,MUC,MXP,OPO,PEK,PMI,SCQ,TFN,TFS,VLC,WAW,XRY,YYZ,ZRH
MAH,BCN,MAD,ZRH
MAN,ABZ,ARN,BSL,CPH,DUS,EDI,FRA,GLA,HAM,IST,LHR,LJU,LYS,MCO,MUC,OSL,SIN,ZRH
MBE,HND
MBJ,BOS,CLT,PHL,YHZ,YUL,YYZ
MBS,ORD
MCI,ABE,ABQ,ATL,BDL,BOS,BTV,CLT,DCA,DEN,GRR,IAD,ISP,JAX,MHT,OAK,ONT,ORD,PHL,PHX,PWM,ROC,SJU,YYZ
MCO,ATH,BDA,BHX,BOS,BWI,BZN,CLT,DCA,DEN,DFW,FRA,IAD,LAS,LAX,MAN,MUC,OGG,ONT,ORD,PHL,PHX,PVD,SAN,SFO,YHZ,YUL,YYZ
MCT,AUH,BKK,CAI,DXB,FRA,IST
MDG,TAO
MDT,ATL,BHM,BOS,CLT,IAD,JAX,LIR,ORD,PHL,SAV,SKB,STX,YYZ
MED,ALY,CAI,IST
MEL,AKL,BKK,CHC,ORD,PEK,RAR,SIN,WLG,ZQN
MEM,BUR,BWI,CLT,DEN,ORD,ORF,PHX,PVR,SBA,YYC
MEX,BOS,CLT,FRA,LAX,ORD,PHX,SAN,SFO,YUL,YYZ
MFM,PVG
MFR,DEN,PDX,SFO
MGM,CLT
MGW,CKB,IAD
MHD,IST
MHG,HAM,TXL
MHT,CHS,CLT,DCA,DFW,FLL,IAD,IND,JAX,LGA,MIA,NAS,ORD,PHL,PIT,RSW,YYZ
MIA,BCN,BDL,BOS,BWI,CLT,DEN,DUS,FRA,IAD,MAD,ORD,PHL,YYZ,ZRH
MIG,PEK,SHA
MIR,ZRH
MJT,VIE
MKE,CLT,DEN,ORD,PHL,PHX,RNO,SMF,YYZ
MLA,ARN,CAI,FRA,VIE
MLE,SIN
MLI,DEN,ORD
MLX,IST
MMB,HND,KIX,NGO,OKD
MMX,ARN
MMY,OKA
MNL,BKK,ICN,KIX,PUS,SIN
MOB,CLT
MOD,SFO
MOL,BGO,OSL,TRD
MPM,JNB,LIS
MQM,IST
MRO,AKL
MRS,DUS,FRA,LIS,MUC,STR
MRU,JNB
MRY,AUS,DEN,LAX,PHX,PSP,SFO
MSN,DEN,ORD
MSO,DEN,ORD
MSP,ABQ,ALB,ATL,BDL,BOS,CHS,CLT,CMH,DCA,DEN,GCM,GSO,LAS,LAX,LGA,OAK,ORD,PDX,PHL,PHX,SEA,SJU,TPA,YUL,YYZ
MSR,IST
MSY,ALB,ANU,BDA,BDL,BOS,BWI,CLT,DCA,DEN,EWR,IAD,JAX,LAX,LGA,MHT,MSP,ORD,PHL,PIT,PVD,RIC,YYC
MTJ,DEN
MUC,ADA,ADB,AGP,AMS,AOI,ARN,ASR,ATH,BCN,BEG,BHX,BIO,BKK,BLL,BLQ,BOM,BOS,BRE,BRN,BRU,BSL,BUD,CAG,CAI,CDG,CGN,CLJ,CLT,CPH,CTA,DBV,DEL,DEN,DME,DOK,DRS,DUS,DXB,ERF,ESB,EWR,FCO,FLR,FMO,FRA,GDN,GOA,GOT,GRU,GRZ,GVA,GWT,HAJ,HAM,HEL,HKG,IAD,ICN,IST,JFK,JNB,KBP,KLU,KRK,KTW,LAX,LCA,LCY,LED,LEJ,LHR,LIS,LJU,LNZ,LWO,LYS,MAD,MAN,MCO,MRS,MXP,NAP,NCE,NRT,NUE,OLB,ORD,OSL,OTP,PAD,PEK,PMI,POZ,PRG,PSA,PUS,PVG,SBZ,SFO,SIN,SJJ,SKG,SOF,SPU,STR,SZF,TBS,TIA,TLS,TLV,TRN,TRS,TSR,TXL,TZX,VCE,VIE,VLC,VRN,WAW,WRO,YUL,YYZ,ZAG,ZRH
MUH,CAI
MVY,DCA,HYA,LGA
MWH,SEA
MWX,GMP,PEK
MXP,ATH,BCN,BKK,BOS,BRI,BRU,BUD,CAI,CDG,CPH,DUS,FCO,FLL,FRA,HAM,HEL,IST,LHR,LIS,LXR,MAD,MUC,NAP,OPO,OSL,OTP,PVG,SIN,STR,VIE,WAW,ZRH
MYE,HND
MYJ,HND,ICN,ITM,KIX,NGO
MYR,ABE,ATL,AUA,BDA,BHM,BNA,BOS,BUF,BWI,BZE,CLE,CLT,DCA,DTW,HSV,IAD,LGA,MEX,MSY,ORD,PHL,PIT,SAV,YUL
MZH,IST
MZT,JFK,PHX
NAN,AKL,CHC,WLG
NAP,LIN,MUC,MXP,VIE
NAS,BOS,CLT,DCA,PHL,PVD,YYZ
NAT,LIS
NAV,IST
NBO,CAI,IST,JNB,ZRH
NCE,ARN,CPH,DUS,FRA,HAM,HEL,IST,LIS,MUC,OSL,STR,VIE,WAW,ZRH
NCL,DUS,SVG
NDG,PEK
NGB,PEK
NGO,AKJ,AXT,BKK,CKG,CTS,FRA,FUK,HKD,ICN,KIJ,KMI,KMJ,KOJ,MMB,MYJ,NGS,NRT,OIT,OKA,PEK,PVG,SDJ,SIN,TKS,WKJ,YGJ
NGS,HND,ITM,NGO,OKA
NKG,CAN,CKG,CTU,FOC,FRA,ICN,PEK,SIN,XIY
NLK,AKL
NNG,CSX,CTU,PEK,SGN,SHA
NOU,AKL
NPE,AKL,CHC,NSN,WLG
NPL,AKL,CHC,NSN,WLG
NQY,DUS
NRT,AKL,BGO,BKK,BOM,BOS,CAI,CAN,CDG,CKG,CPH,CTS,DEN,DLC,FRA,FUK,HGH,HIJ,HKG,HKT,HNL,IAD,ICN,IST,ITM,JFK,KMQ,LAX,LHR,MUC,NGO,OKA,ORD,PEK,PVG,SAN,SDJ,SFO,SGN,SHE,SIN,SLC,TAO,TPE,VIE,XMN,YVR,YYZ,ZRH
NSI,ZRH
NSN,AKL,CHC,NPE,NPL,ROT,WLG
NTG,PEK
NTQ,HND
NUE,BRU,CDG,CPH,DUS,FRA,HAM,IST,MUC,TXL,ZRH
NWI,ABZ
OAJ,ATL,CLT,LIT
OAK,ABQ,AUS,DEN,DFW,FLL,MSY,OKC,ORD,PHL,PHX,TPA
OAM,CHC
ODS,IST,VIE,WAW
OGG,DEN,JFK,LAX,ORD,PHX,SFO,YVR
OHD,LJU
OIM,HAC,HND
OIT,HND,ITM,NGO
OKA,FSZ,FUK,HIJ,HND,ICN,ISG,ITM,KIJ,KIX,KMI,KMJ,KOJ,MMY,NGO,NGS,NRT,SDJ,TAK,UKB
OKC,BOI,DEN,IAD,LAX,ORD,SAN,SEA
OKD,HKD,KUH,MMB,SHB,WKJ
OKJ,CTS,HND
OLB,DUS,MUC,TRS
OMA,BUR,CMH,DEN,ONT,ORD,PHX,SJD,TUS
ONJ,HND,ITM
ONT,BOS,CLT,DEN,FLL,MCI,MKE,MZT,ORD,PHL,PHX,SFO
OOL,AKL,CHC,WLG
OPO,AMS,BCN,BRU,CCS,CDG,EWR,FCO,FNC,FRA,GIG,GRU,GVA,LGW,LHR,LIS,LUX,MAD,MXP,ORY,PXO,ZRH
ORD,ABE,ABQ,ALB,AMS,ARN,ATL,ATW,AUA,AUS,AVP,BDA,BDL,BHM,BIL,BIS,BNA,BOI,BOS,BRU,BTV,BUF,BWI,BZN,CAE,CAK,CDG,CHS,CID,CLE,CLT,CMH,COS,CPH,CRW,CUN,CVG,CWA,CZM,DAY,DCA,DEN,DFW,DSM,DTW,DUB,DUS,DXB,EWR,FAR,FCA,FRA,FSD,FWA,GRB,GRR,GRU,GSO,GSP,HKG,HNL,HPN,IAD,IAH,ICN,ICT,IND,IST,JAC,JAX,KIX,KRK,LAN,LAS,LAX,LEX,LGA,LGW,LHR,LIH,LIR,LNK,MBS,MCI,MCO,MDT,MEM,MEX,MHT,MIA,MKE,MLI,MSN,MSO,MSP,MSY,MUC,MYR,NRT,OGG,OKC,OMA,ORF,PDX,PEK,PHL,PHX,PIA,PIT,PLS,PVD,PVG,PVR,PWM,RAP,RDU,RIC,RNO,ROA,ROC,RSW,SAN,SAT,SAV,SBN,SDF,SEA,SFO,SGF,SJD,SJU,SLC,SMF,SNA,SPI,STL,SYR,TPA,TUL,TVC,TYS,WAW,XNA,YEG,YHZ,YOW,YQB,YUL,YVR,YWG,YXE,YYC,YYZ,ZRH
ORF,ATL,BHM,BNA,BUF,CAE,CLT,DCA,IAD,LGA,ORD,PBI,PHL
ORY,LIS,OPO
OSD,ARN
OSI,SPU,ZAG
OSL,AES,AGP,ALC,ALF,AMS,ARN,BCN,BGO,BIO,BOO,BRU,CAG,CDG,CPH,DUB,DUS,EVE,FCO,FLL,FRA,GDN,GOT,HAM,HAU,HEL,IST,KEF,KKN,KRS,KSU,LHR,LIS,LPA,LYR,MAN,MOL,MUC,MXP,NCE,PMI,PMO,RIX,SVG,TOS,TRD,VCE,VIE,ZRH
OTH,PDX,SFO
OTP,CPH,DUS,FRA,GVA,IST,LJU,MUC,MXP,VIE,WAW,ZRH
OUL,HEL
OVD,BCN
OXB,LIS
OXR,LAX
PAD,FRA,MUC
PAP,YUL
PBI,ALB,BDL,BWI,CLT,DCA,DFW,PHL,PVD
PDL,LIS
PDX,ABQ,ATL,BOS,BWI,CLT,CMH,DEN,DFW,DTW,ELP,EUG,FRA,IAD,IAH,KOA,LAS,LAX,LMT,MFR,MZT,ORD,OTH,PHL,PHX,RDM,SAN,SEA,SFO,YVR,YYC
PEE,FRA
PEK,AKL,ARN,ATH,BAV,BHY,BKK,BOS,CAI,CAN,CDG,CGK,CGO,CGQ,CJJ,CKG,CPH,CSX,CTS,CTU,CZX,DAT,DAX,DDG,DEL,DLC,DNH,DSN,DXB,DYG,FCO,FNJ,FOC,FRA,GYS,HAK,HET,HFE,HGH,HKG,HLD,HRB,HYN,ICN,INC,IST,JDZ,JFK,JGN,JGS,JIU,JJN,JMU,KHN,KIX,KMG,KUL,KWE,KWL,LAX,LHR,LHW,LZH,MAD,MEL,MIG,MUC,MWX,NDG,NGB,NGO,NKG,NNG,NRT,NTG,ORD,PUS,PVG,SDJ,SFO,SGN,SHA,SHE,SIN,SVO,SWA,SYD,SYX,SZX,TAE,TAO,TGO,TNA,TPE,TXN,TYN,ULN,URC,VIE,WEH,WNZ,WUH,WUX,XFN,XIL,XIY,XMN,XNN,XUZ,YCU,YIH,YNJ,YNT,YNZ,YVR,YYZ,ZUH
PEN,BKK,SIN
PER,AKL,BKK,JNB,SIN
PGV,CLT
PHF,CLT,PHL
PHL,ABE,ALB,AMS,ARN,ATH,ATL,AUA,AVP,BCN,BDA,BDL,BGI,BGM,BGR,BHM,BHX,BNA,BOS,BRU,BTV,BUF,BWI,CAE,CAK,CDG,CHO,CHS,CLE,CLT,CMH,CUN,CVG,DAY,DCA,DEN,DFW,DTW,DUB,ELM,ERI,EWR,FCO,FLL,FPO,FRA,GCM,GLA,GSO,GSP,HHH,HPN,HVN,IAD,IAH,ILM,IND,IPT,ISP,ITH,JAX,LAS,LAX,LGA,LGW,LHR,LIS,MAD,MAN,MBJ,MCI,MCO,MDT,MHT,MIA,MKE,MSP,MSY,MUC,MXP,MYR,NAS,OAK,ORD,ORF,OSL,PBI,PDX,PEK,PHF,PHX,PIT,PLS,PUJ,PVD,PWM,RDU,RIC,ROA,ROC,RSW,SAN,SAV,SBY,SCE,SDF,SDQ,SEA,SFO,SJD,SJU,SMF,SNN,SRQ,STL,STT,SWF,SXM,SYR,TLV,TPA,TYS,VCE,YOW,YUL,YVR,YYZ,ZRH
PHS,BKK
PHX,ABQ,ACA,ANC,ATL,AUS,BFL,BIL,BOI,BOS,BUR,BWI,CLT,CMH,COS,CUN,DCA,DEN,DFW,DRO,DSM,DTW,ELP,EWR,FAT,FLG,FLL,FRA,GDL,GEG,GJT,GYM,HMO,HNL,IAD,IAH,ICT,IND,JFK,KOA,LAS,LAX,LGB,LIH,MCI,MCO,MEM,MEX,MKE,MRY,MSP,MZT,OAK,OGG,OMA,ONT,ORD,PDX,PHL,PIT,PSP,PVR,RDU,RNO,SAN,SAT,SBA,SBP,SEA,SFO,SJC,SJD,SJO,SLC,SMF,SNA,STL,TPA,TUS,YEG,YUM,YVR,YYC,YYZ,ZIH,ZLO
PIA,DEN,ORD
PIT,ATL,BDL,BOS,BTV,CHS,CLT,CUN,DCA,DEN,FLL,FPO,GSP,HSV,IAD,IAH,LAS,LAX,LGA,MHT,MSY,NAS,ORD,ORF,PHL,PHX,PLS,PWM,RDU,RSW,SFO,STL,YYC,YYZ
PIX,LIS
PKB,IAD
PLQ,CPH
PLS,BOS,CLT,PHL,YYZ
PLZ,JNB
PMI,ARN,BCN,CPH,DUS,FRA,GVA,HAM,LHR,MAD,MUC,OSL,STR,ZRH
PMO,OSL
PMR,AKL,CHC,HLZ,WLG
PNA,LIS
PNH,BKK,ICN,PVG
PNQ,FRA
PNS,BWI,CLT,JFK
POP,YUL
POZ,CPH,FRA,MUC,WAW
PPT,AKL
PQI,BOS
PRG,ARN,BSL,DUS,FRA,GVA,IST,LIS,MUC,VIE,WAW,ZRH
PRN,CPH,IST,LJU,VIE,ZAG
PSA,MUC
PSC,DEN,SFO
PSP,COS,DEN,ICT,LAS,LAX,MEM,PHX,SFO,SLC,TUS
PTP,YUL
PUJ,ATL,BOS,CLT,PHL,YHZ,YUL,YYZ
PUS,BKK,CAN,FUK,HGH,ICN,KIX,MNL,MUC,PEK,PVG,SHE,SPN,WEH
PUY,AMS,CDG,LGW,SPU,ZAD,ZAG
PVD,ATL,BDA,BGI,BUF,BWI,CAE,CHS,CLE,CLT,CMH,DCA,FLL,GCM,GSO,HSV,IAD,IND,JAX,LGA,LIR,MBJ,MIA,MSP,MSY,NAS,ORD,ORF,PHL,PUJ,RDU,RIC,SFO,SRQ,TPA,YYZ
PVG,AKL,BKK,CGQ,CKG,CSX,CTU,DLC,DYG,ENY,FRA,FUK,HAK,HAN,HKG,HRB,ICN,IST,JGN,JGS,JNZ,KHN,KIX,KMG,KWE,KWL,LAX,LHW,MEL,MFM,MUC,MXP,NGO,NRT,ORD,PEK,PNH,PUS,SDJ,SGN,SHE,SHP,SIN,SYD,SYX,SZX,TAE,TAO,TOY,TPE,TSA,TXN,WNZ,WUH,XFN,XIY,YYZ,ZRH
PVK,VIE
PVR,ABQ,DEN,LAS,LAX,ORD,PHX,SFO,YYC
PWM,BNA,BWI,CHS,CLE,CLT,CMH,DCA,DFW,GSO,IAD,IAH,IND,LGA,ORD,PHL
PXO,LIS,OPO
PZI,CTU
RAI,LIS
RAP,DEN,ORD
RAR,AKL,CHC,LAX
RDD,SFO
RDM,DEN,PDX,SFO
RDU,ANC,ATL,AUS,BDA,BHM,BOS,BUF,BWI,CLT,CMH,CUN,CZM,DCA,DEN,DTW,GCM,GLA,HSV,IAD,JAX,LAS,LAX,LGA,LHR,MBJ,MCI,MCO,MHT,MSY,ORD,PBI,PHL,PHX,PIT,PVD,PWM,SEA,YYZ
REC,LIS
REP,ICN
RGN,BKK,PEK
RHO,VIE
RIC,ATL,BOS,BTV,BZE,CLT,CZM,DEN,FAY,IAD,JAX,LGA,MEX,MSY,ORD,PHL,PLS,STL,YYZ
RIS,CTS
RIX,ARN,BCN,CPH,FRA,GOT,IST,OSL,VIE,WAW
RJK,LHR
RKS,DEN
RMF,CAI,ZRH
RNB,ARN,KLR
RNO,ABQ,BWI,CMH,DEN,LAX,MCO,MEM,OMA,ORD,PDX,PHL,PHX,SFO
ROA,CAK,CLT,IAD,LGA,MYR,ORD,PHL
ROC,ALB,ANU,BDA,BDL,BOS,BTV,BUF,CLT,DCA,IAD,IAH,LGA,ORD,PHL,SKB,YYZ
ROR,ICN
ROT,AKL,CHC,WLG
ROV,FRA,IST,VIE
RSU,GMP
RSW,BDL,BOS,BWI,CLT,DCA,DFW,ORD,PHL,PIT,YYZ
RUH,ALY,CAI,FRA,IST,LHR,SIN,VIE,ZRH
RZE,EWR,FRA,JFK,WAW
SAH,CAI,FRA,IST
SAN,ALB,BOS,BUF,BWI,CLT,DCA,DEN,DTW,FLL,FRA,HNL,IAD,JFK,LAS,LAX,LHR,MCO,MSP,ORD,PDX,PHL,PHX,RDU,SFO,TPA,YVR,YYC
SAT,BUR,CHS,CLT,DEN,ELP,IAD,IND,LAX,LGB,ORD,PHX,SFO,YYC
SAV,ATL,AUS,BHM,BUF,CLT,CMH,DCA,DTW,IAD,LGA,MDT,MEM,ORD,PHL,ROC,SYR
SAW,ADB,AYT,BJV,DLM,ESB
SBA,COS,DEN,LAS,LAX,MEM,PHX,SFO,SJC
SBN,ORD
SBP,ELP,LAX,MEM,SFO
SBY,CLT,PHL
SBZ,MUC,VIE
SCE,IAD,PHL
SCL,EZE,YYZ
SCN,HAM
SCQ,BCN,MAD,TFS
SDF,CLT,DCA,EWR,GSO,LGA,MYR,ORD,PHL
SDJ,CTS,FUK,HIJ,ICN,ITM,KMQ,NGO,NRT,OKA,PEK
SDL,ARN,SFT
SDQ,PHL
SEA,AMS,BOS,BUF,CLT,CMH,CPH,DEN,DFW,ELP,EWR,FLL,FRA,GEG,HNL,IAD,ICN,IND,KOA,LAS,LAX,MCO,MEX,MKE,MWH,NRT,ORD,PDX,PHL,PHX,RDU,SAN,SFO,SJO,YVR,YYC,YYZ,ZLO
SFO,ABQ,ACV,AKL,AUS,BDL,BFL,BIL,BOI,BOS,BUR,BWI,BZN,CDG,CEC,CIC,CLT,COS,CUN,DEN,DFW,EUG,EWR,FAT,FRA,GEG,GVA,HKG,HNL,IAD,IAH,ICN,JFK,KIX,KOA,LAS,LAX,LHR,LIH,LMT,MCI,MCO,MEX,MFR,MOD,MRY,MSP,MUC,NRT,OGG,ONT,ORD,OTH,PDX,PEK,PHL,PHX,PIT,PSC,PSP,PVG,PVR,RDD,RDM,RNO,SAN,SAT,SBA,SBP,SEA,SGN,SJD,SLC,SMF,SNA,STL,SYD,TPE,TUS,YEG,YUL,YVR,YYC,YYJ,YYZ
SFT,ARN
SGF,DEN,ORD
SGN,BKK,HKG,ICN,NRT,PEK,PVG,SIN
SGU,LAX
SHA,CAN,CTU,FOC,GMP,HET,HND,INC,JGS,JHG,JIU,JNG,KHN,KMG,KWE,KWL,LYI,MDG,MIG,NNG,PEK,SJW,SWA,SZX,TAO,TSN,TYN,URC,WNZ,WXN,XMN,XUZ,YCU,YIH
SHB,HND,OKD
SHD,BKW,IAD
SHE,CTU,MUC,NRT,PEK,PUS,PVG
SHJ,CAI
SHP,HRB,PVG
SID,LIS
SIN,ADL,AKL,AMD,AMS,ATH,AUH,BCN,BKK,BLR,BNE,BOM,BWN,CAI,CAN,CCU,CDG,CGK,CHC,CMB,CPH,CPT,CTS,CTU,DAC,DEL,DPS,DXB,EWR,FCO,FRA,FUK,HAN,HKG,HYD,IAH,ICN,IST,JNB,KHI,KIX,KUL,LAX,LHR,MAA,MAN,MEL,MLE,MNL,MUC,NGO,NKG,NRT,ORD,PEK,PEN,PER,PVG,RUH,SFO,SGN,SYD,TPE,ZRH
SIP,IST
SJC,BWI,CMH,DCA,DEN,DFW,IAH,LAS,LAX,OMA,ORD,PHX,SBA,SJO
SJD,DEN,LAX,MSP,ORD,PHX,SFO,YEG
SJJ,IST,LJU,MUC,VIE,ZAG
SJO,BWI,CLT,LAS,YYZ
SJU,BOS,BWI,CLT,IAD,ORD,PHL
SJW,SHA
SKB,CLT
SKG,DUS,FRA,MUC,STR,VIE,ZRH
SKP,IST,LJU,VIE,ZAG
SLC,ATL,CLT,CMH,DEN,DFW,DSM,ELP,EWR,LAX,ORD,SFO,YYC
SMF,ABQ,ACV,CLT,DEN,DFW,ELP,EWR,IAD,IND,JFK,LAS,LAX,MCI,ORD,PHL,PHX,PIT,SFO,YYZ
SMI,VIE
SMX,LAX
SNA,ABQ,ATL,BOS,BWI,CMH,DCA,DEN,DFW,DTW,JFK,LAS,MCO,OMA,ORD,PHX,SFO,YEG,YYC
SNN,PHL
SNU,YUL,YYZ
SOB,DUS,HAM
SOF,DUS,FRA,IST,MUC,VIE,WAW,ZRH
SPI,ORD
SPN,ICN,KIX,PUS
SPU,AMS,ARN,BRU,CDG,DBV,DUS,FCO,FRA,GOT,HEL,LGW,LHR,LYS,MUC,OSI,VIE,ZAG,ZRH
SRQ,BWI,CHS,CLT,DAY,DCA,PIT
SSA,LIS
SSG,FRA
SSH,ALY,CAI,CTA,FCO,GVA,JED,LXR,MXP,VIE,ZRH
STL,ALB,BDL,CHS,CLT,DEN,IAD,LAS,MDT,MHT,OAK,ORD,PHL,PHX,PIT,SFO,SRQ,YYZ
STN,IST
STR,BCN,BIO,BRE,BRU,CDG,CPH,DUS,ESB,FMO,FRA,GRZ,GWT,HAJ,HAM,IST,LHR,MRS,MUC,MXP,NCE,PMI,SKG,TRN,TXL,VIE,WAW,ZRH
STT,BWI,CLT,PHL,SJU
STX,CLT
SUF,ZRH
SVG,ABZ,AES,ALC,ARN,BGO,CPH,FRA,KRS,KSU,LHR,NCL,OSL,TRD
SVO,ARN,AYT,CPH,IST,LJU,PEK,WAW
SVQ,BCN,LIS
SVX,FRA,IST,VIE
SWA,PEK,SHA,ZHA
SWF,PHL,SDF
SXF,CAI
SXM,BOS,BWI,CLT,IAD,PHL
SYD,AKL,BKK,BNE,CHC,ICN,JFK,JNB,MEL,ORD,PEK,SIN,WLG,YYZ,ZQN
SYO,HND
SYR,ATL,BDA,BOS,CLT,DCA,DFW,FLL,FPO,IAD,IND,JAX,LAX,LGA,MSP,MSY,NAS,ORD,PHL,RSW
SYX,CAN,CKG,CTU,HGH,PEK,PVG,TSN,XIY
SZF,DUS,IST,MUC
SZG,CFU,CHQ,DUS,FRA,JTR,VIE,ZRH,ZTH
SZX,CKG,CTU,HGH,ICN,JGS,KMG,KWE,PEK,PVG,SHA,TSN
SZZ,WAW
TAE,CJU,ICN,PEK,PVG
TAK,HND,ICN,OKA
TAO,CTU,ICN,KIX,MDG,NRT,PEK,PVG,SHA,YNJ
TAS,ICN,IST
TBS,IST,LHR,MUC,VIE
TBU,AKL
TBZ,IST
TER,LIS
TFN,BCN,MAD
TFS,AGP,BCN,BIO,MAD,SCQ,VIE,VLC,ZRH
TGD,LJU,VIE,ZAG
TGO,PEK
TIA,IST,LJU,MUC,VIE
TIP,ALY,CAI,FRA,IST,VIE
TIU,WLG
TKS,NGO
TKU,ARN,CPH
TLH,ABE,BWI,CLT,CVG,FAY
TLL,FRA
TLS,DUS,FRA,LIS,MUC
TLV,BKK,DBV,FRA,IST,KRK,LAX,LHR,LJU,MUC,VIE,WAW,YYZ,ZAG,ZRH
TMP,ARN
TMS,LIS
TNA,PEK
TOS,ALF,ARN,BOO,LYR,OSL
TOY,CTS,HND,ICN,PVG
TPA,BDL,BOS,BUF,BWI,BZN,CLT,DCA,DEN,EWR,IAD,MCI,ONT,ORD,PHL,PHX,SYR,YYZ
TPE,BKK,CKG,HGH,ICN,NRT,PEK,PVG,SAN,SIN,TSN
TRD,AES,ALC,ARN,BGO,BOO,CPH,MOL,OSL,SVG
TRF,BGO,CPH,SVG
TRG,AKL,CHC,WLG
TRI,CLT
TRN,DUS,FCO,FRA,KTW,MUC,STR
TRS,MUC,OLB
TSA,PVG
TSE,FRA,IST,VIE
TSJ,FUK
TSN,CAN,CKG,CTU,HKG,ICN,SHA,SYX,SZX,TPE
TSR,MUC,VIE
TTJ,HND
TUL,DEN,LAX,ORD,SMF
TUN,CAI,FRA,IST
TUO,AKL,WLG
TUS,AUS,BFL,BUR,COS,DEN,DSM,FAT,IAH,ICT,LAX,MCI,OAK,ONT,PHX,SAT,SBA,SFO
TVC,DEN,ORD
TXL,ARN,ATH,BRU,CDG,CGN,CPH,DME,DUS,FRA,IST,LHR,LUX,MHG,MUC,NUE,STR,VIE,WAW,ZRH
TXN,PEK,PVG
TYN,CTU,PEK,SHA
TYS,CLT,DCA,DEN,IAD,ORD,PHL
TZX,DUS,IST,MUC
UBJ,HND
UBP,BKK
UFA,FRA,IST
UKB,CTS,HND,OKA
ULN,PEK
UME,ARN
URC,CKG,CTU,HGH,HTN,PEK,SHA
URT,BKK
USM,BKK
USN,GMP
USQ,IST
UTH,BKK
UUS,ICN
UVF,CLT,YYZ
VAA,ARN,HEL
VAN,IST
VAR,VIE
VAS,IST
VCE,AHO,CPH,DUS,FRA,IST,LHR,LIS,MUC,OSL,PHL,VIE,ZRH
VFA,JNB
VGO,BCN
VIE,ACH,AER,AGP,AMM,AMS,AOK,ARN,ATH,AYT,BCN,BEG,BJV,BKK,BLQ,BRU,BSL,BUD,CAI,CDG,CFU,CGN,CHQ,CPH,CTA,DAM,DBV,DEL,DLM,DME,DNK,DOK,DRS,DUB,DUS,DXB,EBL,EFL,ESB,EVN,FAO,FCO,FLR,FNC,FRA,FUE,GOT,GRZ,GVA,GYD,HAJ,HAM,HEL,HER,HRG,HRK,IAD,IAS,IKA,INN,IST,JED,JFK,JMK,JSI,JTR,KBP,KGS,KIV,KLU,KRK,KRR,KSC,KVA,LCA,LED,LHR,LIN,LJU,LNZ,LUX,LWO,LYS,MJT,MLA,MUC,MXP,NAP,NCE,NRT,ODS,OSL,OTP,PEK,PRG,PRN,PVK,RHO,RIX,ROV,SBZ,SJJ,SKG,SKP,SMI,SOF,SPU,SSH,STR,SVX,SZG,TBS,TFS,TGD,TIA,TIP,TLV,TSE,TSR,TXL,VAR,VCE,VNO,VRN,WAW,YYZ,ZAG,ZRH,ZTH
VLC,ACE,BCN,DUS,FRA,MAD,MUC,TFS,ZRH
VLI,AKL
VNO,CPH,FRA,VIE,WAW
VPS,CLT
VRA,YHZ,YUL,YYC,YYZ
VRN,AHO,FRA,MUC,VIE
VTE,BKK
WAG,AKL,WLG
WAW,AMS,ARN,ATH,BCN,BEG,BRU,BSL,BUD,CDG,CPH,DUS,EWR,FCO,FRA,GDN,GVA,HAM,HEL,IST,JFK,KBP,KRK,KTW,LCA,LED,LHR,LIS,LJU,LWO,MAD,MUC,MXP,NCE,ODS,ORD,OTP,POZ,PRG,RIX,RZE,SOF,STR,SVO,SZZ,TLV,TXL,VIE,VNO,WRO,YYZ,ZRH
WDH,JNB
WEH,CGQ,ICN,PEK,PUS,PVG
WHK,AKL,WLG
WKA,CHC
WKJ,CTS,HND,KIX,NGO,OKD
WLG,AKL,BHE,BNE,CHC,DUD,GIS,HLZ,IVC,MEL,NAN,NPE,NPL,NSN,OOL,PMR,ROT,SYD,TIU,TRG,TUO,WAG,WHK,WRE,WSZ,ZQN
WNZ,CAN,CSX,CTU,KMG,PEK,PVG,SHA,WXN
WRE,AKL,WLG
WRO,DUS,FRA,MUC,WAW
WSZ,WLG
WUH,CTU,KMG,PEK,PVG
WUS,XMN
WUX,CTU,PEK
WXN,CAN,SHA,WNZ
XFN,PEK,PVG
XIC,CTU
XIL,PEK
XIY,CTU,FOC,HGH,ICN,INC,JGN,KWL,LHW,PEK,PVG,SYX
XMN,BKK,CAN,CGK,CSX,CTU,KIX,KMG,NRT,PEK,SHA,SIN,WUS
XNA,CLT,DEN,OAJ,ORD
XNN,CTU,HGH,PEK,URC
XRY,BCN,MAD
XUZ,HET,PEK,SHA,TYN
YAM,YYZ
YBC,YUL,YYY
YBG,YUL
YBP,CAN
YCD,YVR
YCG,YVR,YYC
YCU,CAN,CTU,PEK,SHA
YDF,YHZ,YUL,YYZ
YEG,DEN,LAS,LAX,LHR,ORD,PHX,SFO,YHZ,YMM,YOW,YQR,YQT,YQU,YUL,YVR,YWG,YXE,YYC,YYT,YYZ,YZF
YFC,YHZ,YOW,YUL,YYZ
YGJ,HND,ICN,NGO
YGK,YYZ
YGP,YGR,YUL
YGR,YGP,YUL
YHZ,BDA,BOS,IAD,LGA,LHR,MCO,ORD,YDF,YEG,YFC,YOW,YQM,YQX,YQY,YSJ,YUL,YYC,YYG,YYR,YYT,YYZ
YIH,PEK,SHA
YKA,YEG,YVR,YYC
YLW,YVR,YYC,YYZ
YMM,YEG,YVR,YYC,YYT,YYZ
YNJ,ICN,PEK,TAO
YNT,HRB,ICN,PEK,PVG
YNZ,PEK
YOW,BOS,DCA,DEN,FRA,IAD,LGA,LHR,ORD,PHL,YEG,YFC,YHZ,YQB,YQM,YQT,YUL,YVR,YWG,YXE,YXU,YYC,YYG,YYT,YYZ
YPR,YVR
YQB,ORD,YGP,YOW,YQT,YUL,YYZ,YZV
YQG,YYZ
YQL,YYC
YQM,YHZ,YOW,YUL,YYZ
YQR,DEN,YEG,YVR,YWG,YYC,YYZ
YQT,YEG,YQB,YUL,YYZ
YQU,YEG,YYC
YQX,YHZ
YQY,YHZ,YYZ
YSB,YYZ
YSJ,YHZ,YUL,YYZ
YTS,YYZ
YUL,BDL,BOS,CAI,CCC,CDG,CLT,CUN,DCA,DEN,EWR,FCO,FDF,FLL,FRA,GSO,GVA,HOG,IAD,LAS,LAX,LGA,LHR,MBJ,MCO,MEX,MUC,ORD,PAP,PHL,POP,PTP,PUJ,SFO,SNU,VRA,YBC,YBG,YDF,YEG,YFC,YGP,YGR,YHZ,YOW,YQB,YQM,YQX,YSJ,YUY,YVO,YVR,YWG,YXU,YYC,YYG,YYT,YYZ,ZBF,ZRH
YUM,LAX,PHX,RNO
YUY,YUL
YVO,YUL
YVR,ABQ,AKL,ANC,BOS,BUF,BWI,CUN,DCA,DEN,DFW,EWR,FRA,HKG,HNL,ICN,LAS,LAX,LHR,LIH,NRT,OGG,ORD,PDX,PEK,PVG,SAN,SEA,SFO,SYD,YCD,YCG,YEG,YHZ,YKA,YLW,YMM,YOW,YPR,YQR,YUL,YWG,YXC,YXE,YXJ,YXS,YXT,YXY,YYC,YYD,YYF,YYJ,YYZ,YZP
YWG,DEN,ORD,YEG,YHZ,YOW,YQR,YQT,YUL,YVR,YXE,YYC,YYZ
YWK,YUL
YXC,YVR,YYC
YXE,DEN,ORD,YEG,YUL,YVR,YWG,YYC,YYZ
YXH,YYC
YXJ,YVR
YXS,YVR
YXT,YVR
YXU,YUL,YYC,YYZ
YXY,YVR,YYC
YYB,YYZ
YYC,BOS,BUR,CUN,DEN,DFW,EWR,FAT,FRA,IAH,IND,LAS,LAX,LHR,ORD,PDX,PHX,PVR,SAN,SEA,SFO,VRA,YCG,YEG,YHZ,YKA,YLW,YMM,YOW,YQL,YQR,YQU,YUL,YVR,YWG,YXC,YXE,YXH,YXU,YXY,YYJ,YYT,YYZ,YZF
YYD,YVR
YYF,YVR
YYG,YHZ,YOW,YUL,YYZ
YYJ,SFO,YVR,YYC,YYZ
YYR,YHZ
YYT,YEG,YHZ,YMM,YOW,YUL,YYC,YYZ
YYY,YBC,YUL
YYZ,ABE,ALB,ANU,ATL,AUS,AZS,BDA,BDL,BGI,BNA,BOG,BOS,BWI,CCC,CCS,CDG,CHS,CLE,CLT,CMH,CUN,CZM,DAY,DCA,DEN,DFW,DTW,DUB,DUS,EWR,EZE,FCO,FLL,FRA,GCM,GRR,GRU,GSO,GVA,HAV,HKG,HOG,HPN,IAD,IAH,ICN,IND,KIN,LAS,LAX,LGA,LHR,LIM,MAD,MBJ,MCI,MCO,MDT,MEX,MHT,MIA,MKE,MSP,MUC,MYR,NAS,NRT,ORD,PEK,PHL,PHX,PIT,PLS,PUJ,PVD,PVG,RDU,RIC,ROC,RSW,SEA,SFO,SJO,SNA,SNU,STL,SYD,TLV,TPA,UVF,VIE,VRA,WAW,YAM,YDF,YEG,YFC,YGK,YHZ,YLW,YMM,YOW,YQB,YQG,YQM,YQR,YQT,YQY,YSB,YSJ,YTS,YUL,YVR,YWG,YXE,YXU,YYB,YYC,YYG,YYJ,YYT,YZR,ZRH
YZF,YEG,YWG,YYC
YZP,YVR
YZR,YYZ
YZV,YUL,YWK
ZAD,PUY,ZAG
ZAG,AMS,ARN,BCN,BLQ,BRU,BWK,CDG,CPH,DBV,FCO,FRA,GOT,IST,LGW,LHR,LIS,MUC,OSI,PRN,PUY,SJJ,SKP,SPU,TGD,TLV,VIE,ZRH
ZBF,YUL
ZHA,SHA
ZIH,PHX
ZLO,OAK
ZQN,AKL,BNE,CHC,MEL,SYD,WLG
ZRH,AGP,AMS,ARN,ATH,BCN,BEG,BHX,BKK,BOM,BOS,BRU,BSL,BUD,CAI,CDG,CPH,CTA,DAR,DBV,DEL,DEN,DJE,DLA,DME,DRS,DUB,DUS,DXB,EDI,EWR,FAO,FCO,FLR,FRA,GRU,GVA,HAJ,HAM,HEL,HER,HKG,HRG,IST,JED,JFK,JNB,LAX,LCA,LCY,LED,LHR,LIS,LJU,LPA,LUG,LUX,LXR,LYS,MAD,MAH,MAN,MIA,MIR,MUC,MXP,NCE,NRT,NUE,OPO,ORD,OSL,OTP,PHL,PMI,PRG,PVG,RMF,SIN,SKG,SOF,SPU,SSH,STR,SUF,SZG,TFS,TLV,TXL,VCE,VIE,VLC,WAW,YUL,YYZ,ZAG,ZTH
ZTH,GRZ,GVA,LNZ,VIE,ZRH
ZUH,PEK
